-- =====================================================
-- DATOS DE EJEMPLO PARA SMART DESK
-- =====================================================
-- Este script inserta datos de ejemplo para probar las consultas

-- Insertar Regiones
INSERT INTO Regiones (region_id, region_nombre) VALUES
(1, 'APAC'),
(2, 'EMEA'),
(3, 'LATAM'),
(4, 'NA');

-- Insertar Industrias
INSERT INTO Industrias (industria_id, industria_nombre) VALUES
(1, 'Tecnología'),
(2, 'Retail'),
(3, 'Manufactura'),
(4, 'Servicios Financieros'),
(5, 'Salud'),
(6, 'Educación');

-- Insertar Categorías
INSERT INTO Categorias (categoria_id, categoria_nombre) VALUES
(1, 'Escritorios'),
(2, 'Sillas Ergonómicas'),
(3, 'Accesorios'),
(4, 'Iluminación'),
(5, 'Almacenamiento');

-- Insertar Productos
INSERT INTO Productos (producto_id, producto_nombre, categoria_id, precio_unitario, costo_unitario) VALUES
(1, 'Escritorio Ajustable Pro', 1, 599.99, 320.00),
(2, 'Escritorio Compacto', 1, 299.99, 150.00),
(3, 'Escritorio Ejecutivo', 1, 899.99, 480.00),
(4, 'Silla Ergonómica Premium', 2, 449.99, 220.00),
(5, 'Silla Básica Confort', 2, 199.99, 90.00),
(6, 'Silla Gaming Pro', 2, 349.99, 180.00),
(7, 'Monitor Stand Ajustable', 3, 79.99, 35.00),
(8, 'Teclado Ergonómico', 3, 89.99, 40.00),
(9, 'Mouse Vertical', 3, 59.99, 25.00),
(10, 'Lámpara LED Escritorio', 4, 69.99, 30.00),
(11, 'Panel de Luz LED', 4, 129.99, 60.00),
(12, 'Archivador Metálico', 5, 189.99, 95.00),
(13, 'Organizador Escritorio', 5, 39.99, 18.00);

-- Insertar Clientes
INSERT INTO Clientes (cliente_id, cliente_nombre, industria_id, region_id) VALUES
(1, 'Tech Solutions Inc', 1, 1),
(2, 'Global Retail Corp', 2, 1),
(3, 'Manufacturing Ltd', 3, 1),
(4, 'Finance Group', 4, 2),
(5, 'Health Systems', 5, 2),
(6, 'Education Plus', 6, 2),
(7, 'Innovation Tech', 1, 2),
(8, 'Retail Express', 2, 3),
(9, 'Industrial Works', 3, 3),
(10, 'Banking Solutions', 4, 1),
(11, 'Medical Centers', 5, 3),
(12, 'University Network', 6, 4),
(13, 'Tech Startup Hub', 1, 3),
(14, 'Retail Chain', 2, 4),
(15, 'Factory Systems', 3, 4);

-- Insertar Ventas (datos de 2023 y 2024)
INSERT INTO Ventas (venta_id, fecha_venta, cliente_id, producto_id, cantidad, precio_venta, costo_total) VALUES
-- Q1 2023
(1, '2023-01-15', 1, 1, 50, 599.99, 16000.00),
(2, '2023-01-20', 2, 4, 30, 449.99, 6600.00),
(3, '2023-02-10', 3, 2, 25, 299.99, 3750.00),
(4, '2023-02-15', 4, 1, 40, 599.99, 12800.00),
(5, '2023-03-05', 5, 5, 60, 199.99, 5400.00),
(6, '2023-03-20', 6, 3, 20, 899.99, 9600.00),
-- Q2 2023
(7, '2023-04-10', 7, 4, 35, 449.99, 7700.00),
(8, '2023-04-25', 8, 7, 100, 79.99, 3500.00),
(9, '2023-05-15', 9, 1, 45, 599.99, 14400.00),
(10, '2023-05-30', 10, 6, 55, 349.99, 9900.00),
(11, '2023-06-10', 11, 10, 80, 69.99, 2400.00),
(12, '2023-06-25', 12, 2, 30, 299.99, 4500.00),
-- Q3 2023
(13, '2023-07-05', 13, 1, 60, 599.99, 19200.00),
(14, '2023-07-20', 14, 4, 40, 449.99, 8800.00),
(15, '2023-08-10', 15, 3, 25, 899.99, 12000.00),
(16, '2023-08-25', 1, 8, 90, 89.99, 3600.00),
(17, '2023-09-05', 2, 11, 50, 129.99, 3000.00),
(18, '2023-09-20', 3, 12, 35, 189.99, 3325.00),
-- Q4 2023
(19, '2023-10-10', 4, 1, 70, 599.99, 22400.00),
(20, '2023-10-25', 5, 4, 45, 449.99, 9900.00),
(21, '2023-11-15', 6, 5, 65, 199.99, 5850.00),
(22, '2023-11-30', 7, 1, 55, 599.99, 17600.00),
(23, '2023-12-10', 8, 13, 150, 39.99, 2700.00),
(24, '2023-12-20', 9, 2, 40, 299.99, 6000.00),
-- Q1 2024
(25, '2024-01-15', 10, 1, 80, 599.99, 25600.00),
(26, '2024-01-25', 11, 4, 50, 449.99, 11000.00),
(27, '2024-02-10', 12, 3, 30, 899.99, 14400.00),
(28, '2024-02-20', 13, 6, 70, 349.99, 12600.00),
(29, '2024-03-05', 14, 1, 65, 599.99, 20800.00),
(30, '2024-03-20', 15, 4, 55, 449.99, 12100.00),
-- Q2 2024
(31, '2024-04-10', 1, 2, 35, 299.99, 5250.00),
(32, '2024-04-25', 2, 5, 75, 199.99, 6750.00),
(33, '2024-05-15', 3, 1, 90, 599.99, 28800.00),
(34, '2024-05-30', 4, 4, 60, 449.99, 13200.00),
(35, '2024-06-10', 5, 7, 120, 79.99, 4200.00),
(36, '2024-06-25', 6, 10, 100, 69.99, 3000.00),
-- Q3 2024
(37, '2024-07-05', 7, 1, 95, 599.99, 30400.00),
(38, '2024-07-20', 8, 4, 65, 449.99, 14300.00),
(39, '2024-08-10', 9, 3, 35, 899.99, 16800.00),
(40, '2024-08-25', 10, 11, 85, 129.99, 5100.00),
(41, '2024-09-05', 11, 1, 75, 599.99, 24000.00),
(42, '2024-09-20', 12, 4, 50, 449.99, 11000.00),
-- Q4 2024
(43, '2024-10-10', 13, 1, 100, 599.99, 32000.00),
(44, '2024-10-25', 14, 5, 85, 199.99, 7650.00),
(45, '2024-11-15', 15, 2, 45, 299.99, 6750.00),
(46, '2024-11-30', 1, 4, 70, 449.99, 15400.00),
(47, '2024-12-10', 2, 1, 85, 599.99, 27200.00),
(48, '2024-12-20', 3, 6, 75, 349.99, 13500.00);
